create table locadora (

idLocadora int not null primary key,
unidade varchar(50),
qtdFuncionarios int not null,
veiculosDisponiveis int not null,

PRIMARY KEY(idLocadora)
);

--INSERT
INSERT INTO locadora (idLocadora, unidade, qtdFuncionarios, veiculosDisponiveis) 
VALUES (1, 'São Paulo', 20, 50);

INSERT INTO locadora (idLocadora, unidade, qtdFuncionarios, veiculosDisponiveis) 
VALUES (2, 'Rio de Janeiro', 15, 40);

INSERT INTO locadora (idLocadora, unidade, qtdFuncionarios, veiculosDisponiveis) 
VALUES (3, 'Belo Horizonte', 10, 30);

INSERT INTO locadora (idLocadora, unidade, qtdFuncionarios, veiculosDisponiveis) 
VALUES (4, 'Brasília', 25, 60);

INSERT INTO locadora (idLocadora, unidade, qtdFuncionarios, veiculosDisponiveis) 
VALUES (5, 'Recife', 18, 45);

INSERT INTO locadora (idLocadora, unidade, qtdFuncionarios, veiculosDisponiveis) 
VALUES (6, 'Curitiba', 12, 35);

INSERT INTO locadora (idLocadora, unidade, qtdFuncionarios, veiculosDisponiveis) 
VALUES (7, 'Fortaleza', 22, 55);

INSERT INTO locadora (idLocadora, unidade, qtdFuncionarios, veiculosDisponiveis) 
VALUES (8, 'Salvador', 14, 38);

INSERT INTO locadora (idLocadora, unidade, qtdFuncionarios, veiculosDisponiveis) 
VALUES (9, 'Porto Alegre', 17, 42);

INSERT INTO locadora (idLocadora, unidade, qtdFuncionarios, veiculosDisponiveis) 
VALUES (10, 'Natal', 8, 25);

INSERT INTO locadora (idLocadora, unidade, qtdFuncionarios, veiculosDisponiveis) 
VALUES (11, 'São Luís', 13, 33);

INSERT INTO locadora (idLocadora, unidade, qtdFuncionarios, veiculosDisponiveis) 
VALUES (12, 'Goiânia', 16, 41);

INSERT INTO locadora (idLocadora, unidade, qtdFuncionarios, veiculosDisponiveis) 
VALUES (13, 'Vitória', 11, 28);

INSERT INTO locadora (idLocadora, unidade, qtdFuncionarios, veiculosDisponiveis) 
VALUES (14, 'Belém', 19, 47);

INSERT INTO locadora (idLocadora, unidade, qtdFuncionarios, veiculosDisponiveis) 
VALUES (15, 'Maceió', 9, 22);

INSERT INTO locadora (idLocadora, unidade, qtdFuncionarios, veiculosDisponiveis) 
VALUES (16, 'Florianópolis', 14, 36);

INSERT INTO locadora (idLocadora, unidade, qtdFuncionarios, veiculosDisponiveis) 
VALUES (17, 'João Pessoa', 12, 29);

INSERT INTO locadora (idLocadora, unidade, qtdFuncionarios, veiculosDisponiveis) 
VALUES (18, 'Belo Horizonte', 22, 55);

INSERT INTO locadora (idLocadora, unidade, qtdFuncionarios, veiculosDisponiveis) 
VALUES (19, 'Canoas', 13, 32);

INSERT INTO locadora (idLocadora, unidade, qtdFuncionarios, veiculosDisponiveis) 
VALUES (20, 'São Luís', 17, 43);

INSERT INTO locadora (idLocadora, unidade, qtdFuncionarios, veiculosDisponiveis) 
VALUES (21, 'Santo André', 12, 29);

INSERT INTO locadora (idLocadora, unidade, qtdFuncionarios, veiculosDisponiveis) 
VALUES (22, 'Joinville', 15, 37);

INSERT INTO locadora (idLocadora, unidade, qtdFuncionarios, veiculosDisponiveis) 
VALUES (23, 'Blumenau', 11, 26);

INSERT INTO locadora (idLocadora, unidade, qtdFuncionarios, veiculosDisponiveis) 
VALUES (24, 'Maringá', 9, 22);

INSERT INTO locadora (idLocadora, unidade, qtdFuncionarios, veiculosDisponiveis) 
VALUES (25, 'São Caetano do Sul', 16, 40);

INSERT INTO locadora (idLocadora, unidade, qtdFuncionarios, veiculosDisponiveis) 
VALUES (26, 'Varginha', 8, 19);

INSERT INTO locadora (idLocadora, unidade, qtdFuncionarios, veiculosDisponiveis) 
VALUES (27, 'Resende', 10, 25);

INSERT INTO locadora (idLocadora, unidade, qtdFuncionarios, veiculosDisponiveis) 
VALUES (28, 'Bauru', 13, 32);

INSERT INTO locadora (idLocadora, unidade, qtdFuncionarios, veiculosDisponiveis) 
VALUES (29, 'São Carlos', 11, 27);

INSERT INTO locadora (idLocadora, unidade, qtdFuncionarios, veiculosDisponiveis) 
VALUES (30, 'Araçatuba', 9, 21);

INSERT INTO locadora (idLocadora, unidade, qtdFuncionarios, veiculosDisponiveis) 
VALUES (31, 'Patos de Minas', 8, 20);

INSERT INTO locadora (idLocadora, unidade, qtdFuncionarios, veiculosDisponiveis) 
VALUES (32, 'São Sebastião do Paraíso', 6, 15);

INSERT INTO locadora (idLocadora, unidade, qtdFuncionarios, veiculosDisponiveis) 
VALUES (33, 'Botucatu', 7, 18);

INSERT INTO locadora (idLocadora, unidade, qtdFuncionarios, veiculosDisponiveis) 
VALUES (34, 'Jataí', 9, 22);

INSERT INTO locadora (idLocadora, unidade, qtdFuncionarios, veiculosDisponiveis) 
VALUES (35, 'Osasco', 17, 42);

INSERT INTO locadora (idLocadora, unidade, qtdFuncionarios, veiculosDisponiveis) 
VALUES (36, 'Jundiaí', 14, 33);

INSERT INTO locadora (idLocadora, unidade, qtdFuncionarios, veiculosDisponiveis) 
VALUES (37, 'Santana de Parnaíba', 6, 16);

INSERT INTO locadora (idLocadora, unidade, qtdFuncionarios, veiculosDisponiveis) 
VALUES (38, 'Mogi das Cruzes', 10, 25);

INSERT INTO locadora (idLocadora, unidade, qtdFuncionarios, veiculosDisponiveis) 
VALUES (39, 'Jaboatão dos Guararapes', 13, 32);

INSERT INTO locadora (idLocadora, unidade, qtdFuncionarios, veiculosDisponiveis) 
VALUES (40, 'Nova Iguaçu', 11, 26);

INSERT INTO locadora (idLocadora, unidade, qtdFuncionarios, veiculosDisponiveis) 
VALUES (41, 'Itaquaquecetuba', 9, 22);

INSERT INTO locadora (idLocadora, unidade, qtdFuncionarios, veiculosDisponiveis) 
VALUES (42, 'Aparecida de Goiânia', 12, 30);

INSERT INTO locadora (idLocadora, unidade, qtdFuncionarios, veiculosDisponiveis) 
VALUES (43, 'Guarujá', 8, 19);

INSERT INTO locadora (idLocadora, unidade, qtdFuncionarios, veiculosDisponiveis) 
VALUES (44, 'Bragança Paulista', 6, 15);

INSERT INTO locadora (idLocadora, unidade, qtdFuncionarios, veiculosDisponiveis) 
VALUES (45, 'Barreiras', 7, 17);

INSERT INTO locadora (idLocadora, unidade, qtdFuncionarios, veiculosDisponiveis) 
VALUES (46, 'Barra Mansa', 10, 24);

INSERT INTO locadora (idLocadora, unidade, qtdFuncionarios, veiculosDisponiveis) 
VALUES (47, 'Paranaguá', 11, 27);

INSERT INTO locadora (idLocadora, unidade, qtdFuncionarios, veiculosDisponiveis) 
VALUES (48, 'Arapiraca', 5, 13);

INSERT INTO locadora (idLocadora, unidade, qtdFuncionarios, veiculosDisponiveis) 
VALUES (49, 'São João de Meriti', 9, 21);

INSERT INTO locadora (idLocadora, unidade, qtdFuncionarios, veiculosDisponiveis) 
VALUES (50, 'Camaçari', 8, 20);

create table socio (

idSocio int not null,
cpf varchar(11),
endereço varchar(200),
setor varchar(100),
email varchar(100),
nome varchar(100),
porcentagem double not null default '0',

PRIMARY KEY(idSocio),
FOREIGN KEY(idLocadora) REFERENCES locadora(idLocadora)
);


create table empregados (

idPessoal int not null,
cpf varchar(11),
nome varchar(100),
email varchar(100),
setor varchar(100),
dataNascimento varchar(100),
salario double not null default '0',

PRIMARY KEY(idPessoal),
FOREIGN KEY(idLocadora) REFERENCES locadora(idLocadora)
);


create table fornecedor (
  
idFornecedor int not null,
cnpj varchar(11),
numLote varchar(100),

PRIMARY KEY(idFornecedor)
);


create table veiculo (

idVeiculo int not null,
placa varchar(100),
marca varchar(100),
nome varchar(100),
ano varchar(100),
paisOrigem varchar(100),

PRIMARY KEY(idVeiculo),
FOREIGN KEY(idLocadora) REFERENCES locadora(idLocadora)
);


create table fornecedorForneceVeiculo (
  
FOREIGN KEY(idFornecedor) REFERENCES fornecedor(idFornecedor),
FOREIGN KEY(idVeiculo) REFERENCES veiculo(idVeiculo)
);


create table locacao (

idLocacao int not null,
precoTotal double not null varchar(100),
dataAluguel varchar(100),
qtdAlugado int not null, 
precoDiaria double not null varchar(100),

PRIMARY KEY(idLocacao)
);

--INSERT 
INSERT INTO locacao (IdLocação, precoTotal, dataAluguel, qtdAlugado, precoDiaria) 
VALUES (1, 1500.00, '2023-01-01', 5, 100.00);

INSERT INTO Locação (IdLocação, precoTotal, dataAluguel, qtdAlugado, precoDiaria) 
VALUES (2, 2500.00, '2023-02-15', 7, 200.00);

INSERT INTO Locação (IdLocação, precoTotal, dataAluguel, qtdAlugado, precoDiaria) 
VALUES (3, 1000.00, '2023-03-02', 2, 500.00);

INSERT INTO Locação (IdLocação, precoTotal, dataAluguel, qtdAlugado, precoDiaria) 
VALUES (4, 3200.00, '2023-04-05', 8, 400.00);

INSERT INTO Locação (IdLocação, precoTotal, dataAluguel, qtdAlugado, precoDiaria) 
VALUES (5, 1500.00, '2023-05-10', 5, 100.00);

INSERT INTO Locação (IdLocação, precoTotal, dataAluguel, qtdAlugado, precoDiaria) 
VALUES (6, 2800.00, '2023-06-15', 7, 200.00);

INSERT INTO Locação (IdLocação, precoTotal, dataAluguel, qtdAlugado, precoDiaria) 
VALUES (7, 1500.00, '2023-07-01', 5, 100.00);

INSERT INTO Locação (IdLocação, precoTotal, dataAluguel, qtdAlugado, precoDiaria) 
VALUES (8, 2500.00, '2023-08-15', 7, 200.00);

INSERT INTO Locação (IdLocação, precoTotal, dataAluguel, qtdAlugado, precoDiaria) 
VALUES (9, 1000.00, '2023-09-02', 2, 500.00);

INSERT INTO Locação (IdLocação, precoTotal, dataAluguel, qtdAlugado, precoDiaria) 
VALUES (10, 3200.00, '2023-10-05', 8, 400.00);

INSERT INTO Locação (IdLocação, precoTotal, dataAluguel, qtdAlugado, precoDiaria) 
VALUES (11, 1500.00, '2023-11-10', 5, 100.00);

INSERT INTO Locação (IdLocação, precoTotal, dataAluguel, qtdAlugado, precoDiaria) 
VALUES (12, 2800.00, '2023-12-15', 7, 200.00);

INSERT INTO Locação (IdLocação, precoTotal, dataAluguel, qtdAlugado, precoDiaria) 
VALUES (13, 1500.00, '2024-01-01', 5, 100.00);

INSERT INTO Locação (IdLocação, precoTotal, dataAluguel, qtdAlugado, precoDiaria) 
VALUES (14, 300.50, '2022-02-14', 3, 100.50);

INSERT INTO Locação (IdLocação, precoTotal, dataAluguel, qtdAlugado, precoDiaria) 
VALUES (15, 250.00, '2022-01-21', 2, 125.00);

INSERT INTO Locação (IdLocação, precoTotal, dataAluguel, qtdAlugado, precoDiaria) 
VALUES (16, 450.00, '2022-03-06', 5, 90.00);

INSERT INTO Locação (IdLocação, precoTotal, dataAluguel, qtdAlugado, precoDiaria) 
VALUES (17, 120.00, '2022-02-01', 1, 120.00);

INSERT INTO Locação (IdLocação, precoTotal, dataAluguel, qtdAlugado, precoDiaria) 
VALUES (18, 750.00, '2022-04-14', 7, 107.14);

INSERT INTO Locação (IdLocação, precoTotal, dataAluguel, qtdAlugado, precoDiaria) 
VALUES (19, 200.00, '2022-02-28', 2, 100.00);

INSERT INTO Locação (IdLocação, precoTotal, dataAluguel, qtdAlugado, precoDiaria) 
VALUES (20, 400.00, '2022-03-14', 4, 100.00);

INSERT INTO Locação (IdLocação, precoTotal, dataAluguel, qtdAlugado, precoDiaria) 
VALUES (21, 180.00, '2022-01-15', 2, 90.00);

INSERT INTO Locação (IdLocação, precoTotal, dataAluguel, qtdAlugado, precoDiaria) 
VALUES (22, 700.00, '2022-03-21', 7, 100.00);

INSERT INTO Locação (IdLocação, precoTotal, dataAluguel, qtdAlugado, precoDiaria) 
VALUES (23, 560.00, '2022-04-01', 5, 112.00);

INSERT INTO Locação (IdLocação, precoTotal, dataAluguel, qtdAlugado, precoDiaria) 
VALUES (24, 160.00, '2022-03-08', 2, 80.00);

INSERT INTO Locação (IdLocação, precoTotal, dataAluguel, qtdAlugado, precoDiaria) 
VALUES (25, 300.00, '2022-02-18', 3, 100.00);

INSERT INTO Locação (IdLocação, precoTotal, dataAluguel, qtdAlugado, precoDiaria) 
VALUES (26, 280.00, '2022-02-24', 4, 70.00);

INSERT INTO Locação (IdLocação, precoTotal, dataAluguel, qtdAlugado, precoDiaria) 
VALUES (27, 350.00, '2023-04-01', 5, 70.00);

INSERT INTO Locação (IdLocação, precoTotal, dataAluguel, qtdAlugado, precoDiaria) 
VALUES (28, 420.00, '2023-04-02', 6, 70.00);

INSERT INTO Locação (IdLocação, precoTotal, dataAluguel, qtdAlugado, precoDiaria) 
VALUES (29, 630.00, '2023-04-03', 9, 70.00);

INSERT INTO Locação (IdLocação, precoTotal, dataAluguel, qtdAlugado, precoDiaria) 
VALUES (30, 350.00, '2023-04-04', 5, 70.00);

INSERT INTO Locação (IdLocação, precoTotal, dataAluguel, qtdAlugado, precoDiaria) 
VALUES (31, 420.00, '2023-04-05', 6, 70.00);

INSERT INTO Locação (IdLocação, precoTotal, dataAluguel, qtdAlugado, precoDiaria) 
VALUES (32, 2450.00, '2023-04-06', 35, 70.00);

INSERT INTO Locação (IdLocação, precoTotal, dataAluguel, qtdAlugado, precoDiaria) 
VALUES (33, 350.00, '2023-04-07', 5, 70.00);

INSERT INTO Locação (IdLocação, precoTotal, dataAluguel, qtdAlugado, precoDiaria) 
VALUES (34, 420.00, '2023-04-08', 6, 70.00);

INSERT INTO Locação (IdLocação, precoTotal, dataAluguel, qtdAlugado, precoDiaria) 
VALUES (35, 630.00, '2023-04-09', 9, 70.00);

INSERT INTO Locação (IdLocação, precoTotal, dataAluguel, qtdAlugado, precoDiaria) 
VALUES (36, 350.00, '2023-04-10', 5, 70.00);

INSERT INTO Locação (IdLocação, precoTotal, dataAluguel, qtdAlugado, precoDiaria) 
VALUES (37, 420.00, '2023-04-11', 6, 70.00);

INSERT INTO Locação (IdLocação, precoTotal, dataAluguel, qtdAlugado, precoDiaria) 
VALUES (38, 2450.00, '2023-04-12', 35, 70.00);

INSERT INTO Locação (IdLocação, precoTotal, dataAluguel, qtdAlugado, precoDiaria) 
VALUES (39, 350.00, '2023-04-13', 5, 70.00);

INSERT INTO Locação (IdLocação, precoTotal, dataAluguel, qtdAlugado, precoDiaria) 
VALUES (39, 250.00, '2023-04-15', 5, 50.00);

INSERT INTO Locação (IdLocação, precoTotal, dataAluguel, qtdAlugado, precoDiaria) 
VALUES (40, 430.00, '2023-04-20', 8, 53.75);

INSERT INTO Locação (IdLocação, precoTotal, dataAluguel, qtdAlugado, precoDiaria) 
VALUES (41, 575.00, '2023-04-25', 10, 57.50);

INSERT INTO Locação (IdLocação, precoTotal, dataAluguel, qtdAlugado, precoDiaria) 
VALUES (42, 300.00, '2023-05-01', 6, 50.00);

INSERT INTO Locação (IdLocação, precoTotal, dataAluguel, qtdAlugado, precoDiaria) 
VALUES (43, 450.00, '2023-05-07', 9, 50.00);

INSERT INTO Locação (IdLocação, precoTotal, dataAluguel, qtdAlugado, precoDiaria) 
VALUES (44, 720.00, '2023-05-13', 12, 60.00);

INSERT INTO Locação (IdLocação, precoTotal, dataAluguel, qtdAlugado, precoDiaria) 
VALUES (45, 210.00, '2023-05-17', 4, 52.50);

INSERT INTO Locação (IdLocação, precoTotal, dataAluguel, qtdAlugado, precoDiaria) 
VALUES (46, 660.00, '2023-05-23', 12, 55.00);

INSERT INTO Locação (IdLocação, precoTotal, dataAluguel, qtdAlugado, precoDiaria) 
VALUES (47, 375.00, '2023-05-30', 7, 53.57);

INSERT INTO Locação (IdLocação, precoTotal, dataAluguel, qtdAlugado, precoDiaria) 
VALUES (48, 220.00, '2023-06-02', 4, 55.00);

INSERT INTO Locação (IdLocação, precoTotal, dataAluguel, qtdAlugado, precoDiaria) 
VALUES (49, 260.00, '2023-06-09', 5, 52.00);

INSERT INTO Locação (IdLocação, precoTotal, dataAluguel, qtdAlugado, precoDiaria) 
VALUES (50, 375.00, '2023-06-15', 7, 53.57);


create table locacaoUtilizaVeiculo (
  
FOREIGN KEY(idlocacao) REFERENCES locacao(idLocacao),
FOREIGN KEY(idVeiculo) REFERENCES veiculo(idVeiculo)
);

create table c_físico (
    
idClienteF int not null, 
login varchar (100) not null,
senha varchar (100) not null,
endereço varchar (100) not null,

PRIMARY KEY (idClienteF),
FOREIGN KEY(idLocadora) REFERENCES locadora(idLocadora)
);

--INSERT
INSERT INTO C_Fisica (idCliente, login, senha, endereco, idLocadora) 
VALUES (1, 'joao123', 'senha123', 'Rua São Paulo, 123 - Belo Horizonte', 2);

INSERT INTO C_Fisica (idCliente, login, senha, endereco, idLocadora) 
VALUES (2, 'maria456', 'senha456', 'Avenida Paulista, 456 - São Paulo', 1);

INSERT INTO C_Fisica (idCliente, login, senha, endereco, idLocadora) 
VALUES (3, 'pedro789', 'senha789', 'Rua Rio de Janeiro, 789 - Curitiba', 3);

INSERT INTO C_Fisica (idCliente, login, senha, endereco, idLocadora) 
VALUES (4, 'ana321', 'senha321', 'Rua Bahia, 321 - Salvador', 4);

INSERT INTO C_Fisica (idCliente, login, senha, endereco, idLocadora) 
VALUES (5, 'lucas654', 'senha654', 'Rua Minas Gerais, 654 - Belo Horizonte', 2);

INSERT INTO C_Fisica (idCliente, login, senha, endereco, idLocadora) 
VALUES (6, 'juliana987', 'senha987', 'Avenida Faria Lima, 987 - São Paulo', 1);

INSERT INTO C_Fisica (idCliente, login, senha, endereco, idLocadora) 
VALUES (7, 'mateus123', 'senha123', 'Rua Pernambuco, 123 - Curitiba', 3);

INSERT INTO C_Fisica (idCliente, login, senha, endereco, idLocadora) 
VALUES (8, 'amanda456', 'senha456', 'Avenida Ipiranga, 456 - Porto Alegre', 5);

INSERT INTO C_Fisica (idCliente, login, senha, endereco, idLocadora) 
VALUES (9, 'guilherme789', 'senha789', 'Rua Amazonas, 789 - Manaus', 6);

INSERT INTO C_Fisica (idCliente, login, senha, endereco, idLocadora) 
VALUES (10, 'carla321', 'senha321', 'Rua Alagoas, 321 - Salvador', 4);

INSERT INTO C_Fisica (idCliente, login, senha, endereco, idLocadora) 
VALUES (11, 'roberto654', 'senha654', 'Rua Espírito Santo, 654 - Belo Horizonte', 2);

INSERT INTO C_Fisica (idCliente, login, senha, endereco, idLocadora) 
VALUES (12, 'mariana987', 'senha987', 'Avenida Nove de Julho, 987 - São Paulo', 1);

INSERT INTO C_Fisica (idCliente, login, senha, endereco, idLocadora) 
VALUES (13, 'fernanda123', 'senha123', 'Rua Santa Catarina, 123 - Florianópolis', 7);

INSERT INTO C_Fisica (idCliente, login, senha, endereco, idLocadora) 
VALUES (14, 'paulo456', 'senha456', 'Rua Amália Bernardino de Souza, 532 - Recife', 9);

INSERT INTO C_Fisica (idCliente, login, senha, endereco, idLocadora) 
VALUES (15, 'joaosilva', 'senha123', 'Rua dos Girassóis, 123 - São Paulo/SP', 1);

INSERT INTO C_Fisica (idCliente, login, senha, endereco, idLocadora) 
VALUES (16, 'mariaoliveira', 'minhasenha', 'Av. Brasil, 789 - Rio de Janeiro/RJ', 1);

INSERT INTO C_Fisica (idCliente, login, senha, endereco, idLocadora) 
VALUES (17, 'pedrosouza', 'minhasenha123', 'Rua João Pessoa, 456 - Porto Alegre/RS', 2);

INSERT INTO C_Fisica (idCliente, login, senha, endereco, idLocadora) 
VALUES (18, 'anapaula', 'senha1234', 'Rua das Flores, 789 - Belo Horizonte/MG', 2);

INSERT INTO C_Fisica (idCliente, login, senha, endereco, idLocadora) 
VALUES (19, 'josedasilva', 'meusenha', 'Rua dos Coqueiros, 1010 - Recife/PE', 3);

INSERT INTO C_Fisica (idCliente, login, senha, endereco, idLocadora) 
VALUES (20, 'luciaalves', 'senha456', 'Rua dos Pinheiros, 234 - Brasília/DF', 3);

INSERT INTO C_Fisica (idCliente, login, senha, endereco, idLocadora) 
VALUES (21, 'fernandoalmeida', 'senha789', 'Rua dos Lírios, 567 - Salvador/BA', 4);

INSERT INTO C_Fisica (idCliente, login, senha, endereco, idLocadora) 
VALUES (22, 'sabrinanunes', 'minhasenha456', 'Av. Paulista, 1234 - São Paulo/SP', 4);

INSERT INTO C_Fisica (idCliente, login, senha, endereco, idLocadora) 
VALUES (23, 'rafaelsouza', 'senha12345', 'Rua das Acácias, 1010 - Brasília/DF', 5);

INSERT INTO C_Fisica (idCliente, login, senha, endereco, idLocadora) 
VALUES (24, 'brunapereira', 'minhasenha1234', 'Rua dos Ipês, 987 - Belo Horizonte/MG', 5);

INSERT INTO C_Fisica (idCliente, login, senha, endereco, idLocadora) 
VALUES (25, 'marcossantos', 'senha4567', 'Rua das Orquídeas, 234 - Salvador/BA', 6);

INSERT INTO C_Fisica (idCliente, login, senha, endereco, idLocadora) 
VALUES (26, 'carolinaoliveira', 'minhasenha4567', 'Av. Ipiranga, 789 - Porto Alegre/RS', 6);

INSERT INTO C_Fisica (idCliente, login, senha, endereco, idLocadora) 
VALUES (27, 'felipedasilva', 'minhasenha789', 'Rua das Palmeiras, 666 - Palmas/TO', 8);

INSERT INTO C_Fisica (idCliente, login, senha, endereco, idLocadora) 
VALUES (27, 'maria123', 'senhamaria123', 'Rua das Flores, 123 - São Paulo', 20);

INSERT INTO C_Fisica (idCliente, login, senha, endereco, idLocadora) 
VALUES (28, 'joao456', 'senha456joao', 'Rua do Sol, 456 - Rio de Janeiro', 22);

INSERT INTO C_Fisica (idCliente, login, senha, endereco, idLocadora) 
VALUES (29, 'ana789', 'senhaana789', 'Av. Brasil, 789 - São Paulo', 25);

INSERT INTO C_Fisica (idCliente, login, senha, endereco, idLocadora) 
VALUES (30, 'lucas123', 'senhalucas123', 'Rua das Palmeiras, 123 - Belo Horizonte', 24);

INSERT INTO C_Fisica (idCliente, login, senha, endereco, idLocadora) 
VALUES (31, 'carla456', 'senhacarla456', 'Av. Paulista, 456 - São Paulo', 21);

INSERT INTO C_Fisica (idCliente, login, senha, endereco, idLocadora) 
VALUES (32, 'fernando789', 'senhafn789', 'Rua da Praia, 789 - Florianópolis', 23);

INSERT INTO C_Fisica (idCliente, login, senha, endereco, idLocadora) 
VALUES (33, 'julia123', 'senhajulia123', 'Rua das Laranjeiras, 123 - Rio de Janeiro', 28);

INSERT INTO C_Fisica (idCliente, login, senha, endereco, idLocadora) 
VALUES (34, 'marcio456', 'senhamarcio456', 'Av. Beira Mar, 456 - Fortaleza', 29);

INSERT INTO C_Fisica (idCliente, login, senha, endereco, idLocadora) 
VALUES (35, 'tania789', 'senhatania789', 'Rua dos Coqueiros, 789 - Recife', 27);

INSERT INTO C_Fisica (idCliente, login, senha, endereco, idLocadora) 
VALUES (36, 'gabriel123', 'senhagabriel123', 'Rua do Mar, 123 - Florianópolis', 30);

INSERT INTO C_Fisica (idCliente, login, senha, endereco, idLocadora) 
VALUES (37, 'aline456', 'senhaaline456', 'Av. Atlântica, 456 - Rio de Janeiro', 31);

INSERT INTO C_Fisica (idCliente, login, senha, endereco, idLocadora) 
VALUES (38, 'carlos789', 'senhacarlos789', 'Rua das Águas, 789 - Belo Horizonte', 32);

INSERT INTO C_Fisica (idCliente, login, senha, endereco, idLocadora) 
VALUES (39, 'isabela123', 'senha123isabela', 'Av. Paulista, 123 - São Paulo', 33);

INSERT INTO C_Fisica (idCliente, login, senha, endereco, idLocadora) 
VALUES (40, 'rafael123', 'senharafael123', 'Rua das Flores, 123 - Belo Horizonte', 20);

INSERT INTO C_Fisica (idCliente, login, senha, endereco, idLocadora) 
VALUES (41, 'marina456', 'senhamarina456', 'Rua do Sol, 456 - São Paulo', 22);

INSERT INTO C_Fisica (idCliente, login, senha, endereco, idLocadora) 
VALUES (42, 'eduardo789', 'senhaeduardo789', 'Av. Brasil, 789 - Rio de Janeiro', 25);

INSERT INTO C_Fisica (idCliente, login, senha, endereco, idLocadora) 
VALUES (43, 'fernanda123', 'senhafernanda123', 'Rua das Palmeiras, 123 - Recife', 24);

INSERT INTO C_Fisica (idCliente, login, senha, endereco, idLocadora) 
VALUES (44, 'vitor456', 'senhavitor456', 'Av. Paulista, 456 - São Paulo', 21);

INSERT INTO C_Fisica (idCliente, login, senha, endereco, idLocadora) 
VALUES (45, 'camila789', 'senhacamila789', 'Rua da Praia, 789 - Florianópolis', 23);

INSERT INTO C_Fisica (idCliente, login, senha, endereco, idLocadora) 
VALUES (46, 'jose123', 'senhajose123', 'Rua das Laranjeiras, 123 - Fortaleza', 28);

INSERT INTO C_Fisica (idCliente, login, senha, endereco, idLocadora) 
VALUES (47, 'ana456', 'senhaana456', 'Av. Beira Mar, 456 - Recife', 29);

INSERT INTO C_Fisica (idCliente, login, senha, endereco, idLocadora) 
VALUES (48, 'gustavo789', 'senhagustavo789', 'Rua dos Coqueiros, 789 - Rio de Janeiro', 27);

INSERT INTO C_Fisica (idCliente, login, senha, endereco, idLocadora) 
VALUES (49, 'leticia123', 'senhaleticia123', 'Rua do Mar, 123 - Salvador', 30);

INSERT INTO C_Fisica (idCliente, login, senha, endereco, idLocadora) 
VALUES (50, 'pedro456', 'senhapedro456', 'Av. Atlântica, 456 - Florianópolis', 31);

create table c_jurídico (

idClienteJ int not null,
cnpj varchar (11) not null,
atdAlugados int not null, 
endereço varchar (100) not null,
login varchar (100) not null,
senha varchar(100) not null,

PRIMARY KEY (idClienteJ),
FOREIGN KEY (idLocadora) REFERENCES c_jurídico(idLocadora)
);

create table venda (

idVenda int not null,
precoVenda DECIMAL(10,2),
dataVenda date not null,
parcelas int not null,
desconto DECIMAL(5,2)

PRIMARY KEY (idVenda)
);

create table vendaUtilizaveiculo (

FOREIGN KEY (idVenda) REFERENCES venda (idVenda),
FOREIGN KEY (idVeiculo) REFERENCES veiculo (idVeiculo)
)